{
  "input": {
    "tla1872_path": "/data/master/mdco/data/engineering/t_mdco_tla1872_fr_trxn_aut/",
    "tmlara14_path": "/data/master/mdco/data/engineering/t_mdco_tmlara14_test/",
    "tla543_path": "/data/master/mdco/data/customerInformation/t_mdco_tla543_per_cte_basico_sem/",
    "catBinPath": "/data/sandboxes/intc/data/erick2/tu_lerm_cat_bin/",
    "tla451_path": "/data/sandboxes/intc/data/erick2/cat_prod_451/",
    "tla018_path": "/data/master/mdco/data/retailBusinessBanking/t_mdco_tla018_cat_canales/",
    "tla117_path": "/data/master/mdco/data/retailBusinessBanking/t_mdco_tla117_cte_fide_bo/",
    "tlaFide117PathSB": "/data/sandboxes/intc/data/erick2/fide_117/",
    "tla026_path": "/data/master/mdco/data/retailBusinessBanking/t_mdco_tla026_cto_fide_bo_dia/",
    "tlaFide026PathSB": "/data/sandboxes/intc/data/erick2/fide_026/",
    "tla1199_path": "/data/master/mdco/data/retailBusinessBanking/t_mdco_tla1199_cte_fide_bo_dia/",
    "tlaFide1199PathSB": "/data/sandboxes/intc/data/erick2/fide_1199/"
  },
  "net_balance": {
    "users_path": "/data/sandboxes/intc/data/modelo_inversiones/saldo_neto/usuarios/",
    "information_path": "/data/sandboxes/intc/data/modelo_inversiones/saldo_neto/usuariosInfo/",
    "minimum_threshold": 1000,
    "time_frame": 6,
    "lost_months": 0,
    "fide_time_frame": 2
  }
}
